{
  "name": "jquery-ajax-unobtrusive",
  "version": "3.2.4",
  "homepage": "https://github.com/aspnet/jquery-ajax-unobtrusive",
  "description": "Add-on to jQuery Ajax to enable unobtrusive options in data-* attributes",
  "main": [
    "jquery.unobtrusive-ajax.js"
  ],
  "ignore": [
    "**/.*",
    "*.json",
    "*.md",
    "*.txt",
    "!LICENSE.txt"
  ],
  "keywords": [
    "jquery",
    "asp.net",
    "mvc",
    "ajax",
    "unobtrusive"
  ],
  "authors": [
    "Microsoft"
  ],
  "license": "https://www.microsoft.com/web/webpi/eula/net_library_eula_enu.htm",
  "repository": {
    "type": "git",
    "url": "git://github.com/aspnet/jquery-ajax-unobtrusive.git"
  },
  "dependencies": {
    "jquery": ">=1.8"
  },
  "_release": "3.2.4",
  "_resolution": {
    "type": "version",
    "tag": "v3.2.4",
    "commit": "0193de3f75f73b84719bb2c243372f3bc5693462"
  },
  "_source": "https://github.com/aspnet/jquery-ajax-unobtrusive.git",
  "_target": "3.2.4",
  "_originalSource": "jquery-ajax-unobtrusive"
}