[
    {
        "Id": 1,
        "Name": "",
        "Label": "Home",
        "Class": "",
        "Prefix": "#/",
        "Url": "views/default/home.html"
    },
    {
        "Id": 2,
        "Name": "about",
        "Label": "About",
        "Class": "",
        "Prefix": "#/",
        "Url": "views/default/about.html"
    },
    {
        "Id": 3,
        "Name": "contact",
        "Label": "Contact",
        "Class": "",
        "Prefix": "#/",
        "Url": "views/default/contact.html"
    }
]