{
  "name": "Chart.js",
  "version": "2.1.2",
  "description": "Simple HTML5 Charts using the canvas element",
  "homepage": "https://github.com/chartjs/Chart.js",
  "author": "nnnick",
  "license": "MIT",
  "main": [
    "dist/Chart.js"
  ],
  "devDependencies": {
    "jquery": "~2.1.4"
  },
  "_release": "2.1.2",
  "_resolution": {
    "type": "version",
    "tag": "v2.1.2",
    "commit": "8ffbe234931036a73147401f11dac0562715aeb4"
  },
  "_source": "https://github.com/nnnick/Chart.js.git",
  "_target": "2.1.2",
  "_originalSource": "Chart-js"
}